commit,date,words
ebdda05010a754e49d3c3c93e9724beff8d2a0e3,2026-06-04,12082
d602ec467b4994f51c2065ca436e874f67ae3eeb,2026-06-04,12082
0349b219c4a87b8765f06bc9b07b9501e11bda02,2026-06-04,11634
2775b9dd9b731a2361ea33e4e3c86a9e59347601,2025-09-25,11634
3fad7b0cbd365fde00c3cf8e63c283f4b15c7946,2025-06-12,11634
05b5c9da88beeb981f1518343ffa94d7463a638e,2025-06-12,11634
f3f96514c3470deac5ed91ed37b2bf5bb4573060,2025-06-12,11634
3a6dbb44d41737136332b76ebb0f75f8378c759c,2025-06-12,11634
2c4d79bb00084eaa207c7822ad564262d31ecb29,2025-06-12,11635
1ffde58c6b318b1d9d6edaa3b59551f6b126e7c8,2025-06-11,11635
f0d97b6adadeae1cec41f1c0be5f047960aab242,2025-06-06,11635
f45786dd7cfe29406df0c20de19b0879b9fea76d,2025-06-06,11635
987f631bc11f06cad8f418b46924ceb92bcbd61f,2025-06-06,11635
45d22863b30a69a83c7cae0afcda62475b9a266f,2025-06-05,11635
eee67e9bb31a6f745041a7a484bc0104aa2b2924,2025-06-04,11635
b038c994ff4f1fda1b85e15cb08f8d9143aff7f1,2025-06-03,11635
78170185abb21a53cc9b236211d912663227620e,2025-06-03,11635
a9ffa02e3a161a720824af4855f1fe571b88c294,2025-06-03,11635
c0dd850a4d5faf4142932f217547ba88f8f5d953,2025-05-31,11649
517c04e6258d314dd3365741388ad6ee4f7bc313,2025-05-31,11649
3bed612e890888e892b630c68bf418ce57a898ee,2025-05-30,11649
780617e098d9630b7efa12bec00b3fca718ed4e2,2025-05-30,11649
9ba476d9b28e2ecc02b9972c0023b38245a6a513,2025-05-27,11649
05c9a0fde0a8ee780011f51e7ef694bc7f633986,2025-05-27,11649
5019cfac4d29180d9f8fe35bd2ac54a57f1993b8,2025-05-27,11649
67a063ea55b676978476a7855030a1572b471328,2025-05-27,11649
9e2e25224fd989aa60c610b539890fd413dd975c,2025-05-27,11649
f0d7aa30df8158caccdd8575baf3e9b3e2de5429,2025-05-26,11649
d41987ededdf1e527fb1a30d0d9345d2865168f3,2025-05-26,11649
7d474da20579ba5913491b950ac61709c6228f2c,2025-05-26,11649
15c76769e73cbb7339362382d3157c23a1de6c4b,2025-05-25,11643
8287942e2c084125e4e79ebc97b4abe93fd6b629,2025-05-25,11643
8745af943db5c1de01bdcd1ed3d9b4ccd17a1418,2025-05-23,11643
9c6805be9f68baa452a4ca0c5bfe12e07ddd5488,2025-05-23,11643
19b564aa334bbc43fa1f20e064d5b05908dc9ec5,2025-05-22,11643
4b8b2709d27dec01cb0a0e9f1c1a4924993ebdbc,2025-05-22,11639
92dbf84e6190736e8d5f9bf20091b4dbcafac22c,2025-05-22,5647
587cb164cac7848ae93640a5f54153eaab3939b8,2025-05-19,4993
fb27a1d2e409b9b8da2b8ffd07556515c7af06b7,2025-05-19,5037
f24148a90a111baf6ae914d85401be85eb7b0869,2025-05-19,4720
da023c68d1de33f259f10c728a738f55b63bb4b8,2025-05-15,3059
7f0f80c39f321b44e1c726d72f016918f2a6c41b,2025-05-15,3059
b2eb24b7faf9397d5bf39f1e9d5ff9a8b7ef3615,2025-05-15,3059
c296184f8939277220b6b3fc03e21bcaa9705749,2025-05-15,3014
15c61f18e95013b7c5b56acaa67c1a7716da48a9,2025-05-14,2984
a4409aac4c3fb11cbb9c05560c89ca9117e9f232,2025-05-14,2975
926aa3dcc4dbc77393ee4b55953ffb03af021afe,2025-05-14,2976
f9c26ea69b0a5e35444fb3c296bd322bb50fa133,2025-05-14,2976
33a70f81dcafb41831b2caaa80691bc30caa3687,2025-05-14,2974
4e868a7543f7a7dbb470bdf3cbd179c31be21b8d,2025-05-14,2571
